{ "indexes" : [ { "v" : 1, "key" : { "_id" : 1 }, "name" : "_id_", "ns" : "uberlog.Entry" }, { "v" : 1, "key" : { "_fts" : "text", "_ftsx" : 1 }, "name" : "revisions.text_text", "ns" : "uberlog.Entry", "weights" : { "revisions.text" : 1 }, "default_language" : "english", "language_override" : "language", "textIndexVersion" : 2 }, { "v" : 1, "key" : { "revisions.0.eventDate" : -1 }, "name" : "revisions.0.eventDate_-1", "ns" : "uberlog.Entry" }, { "v" : 1, "key" : { "revisions.0.creationDate" : -1 }, "name" : "revisions.0.creationDate_-1", "ns" : "uberlog.Entry" } ] }